



\restrict ecwaUXF1yqtUpA6CvMLTnGxrUJQ1M6JaUpbGb1co9XXVXiSxlnP2QrdY3biP0yd




SET statement_timeout = 0;
SET lock_timeout = 0;
SET idle_in_transaction_session_timeout = 0;
SET transaction_timeout = 0;
SET client_encoding = 'UTF8';
SET standard_conforming_strings = on;
SELECT pg_catalog.set_config('search_path', '', false);
SET check_function_bodies = false;
SET xmloption = content;
SET client_min_messages = warning;
SET row_security = off;

SET default_tablespace = '';

SET default_table_access_method = heap;





CREATE TABLE public."ActivityLogs" (
    "Id" integer NOT NULL,
    "UserId" integer,
    "Action" text NOT NULL,
    "EntityType" text,
    "EntityId" integer,
    "Details" text,
    "IpAddress" text,
    "CreatedAt" timestamp with time zone NOT NULL
);


ALTER TABLE public."ActivityLogs" OWNER TO hda_user;





ALTER TABLE public."ActivityLogs" ALTER COLUMN "Id" ADD GENERATED BY DEFAULT AS IDENTITY (
    SEQUENCE NAME public."ActivityLogs_Id_seq"
    START WITH 1
    INCREMENT BY 1
    NO MINVALUE
    NO MAXVALUE
    CACHE 1
);






CREATE TABLE public."GameMapDrafts" (
    "Id" integer NOT NULL,
    "GameMapId" integer NOT NULL,
    "HeroId" integer NOT NULL,
    "Action" text NOT NULL,
    "IsRadiant" boolean NOT NULL,
    "Order" integer NOT NULL
);


ALTER TABLE public."GameMapDrafts" OWNER TO hda_user;





ALTER TABLE public."GameMapDrafts" ALTER COLUMN "Id" ADD GENERATED BY DEFAULT AS IDENTITY (
    SEQUENCE NAME public."GameMapDrafts_Id_seq"
    START WITH 1
    INCREMENT BY 1
    NO MINVALUE
    NO MAXVALUE
    CACHE 1
);






CREATE TABLE public."GameMaps" (
    "Id" integer NOT NULL,
    "MatchId" integer NOT NULL,
    "MapNumber" integer NOT NULL,
    "RadiantTeamId" integer,
    "DireTeamId" integer,
    "WinnerTeamId" integer,
    "DurationSeconds" integer NOT NULL,
    "DotaMatchId" text,
    "PlayedAt" timestamp with time zone,
    "RadiantKills" integer NOT NULL,
    "DireKills" integer NOT NULL
);


ALTER TABLE public."GameMaps" OWNER TO hda_user;





ALTER TABLE public."GameMaps" ALTER COLUMN "Id" ADD GENERATED BY DEFAULT AS IDENTITY (
    SEQUENCE NAME public."GameMaps_Id_seq"
    START WITH 1
    INCREMENT BY 1
    NO MINVALUE
    NO MAXVALUE
    CACHE 1
);






CREATE TABLE public."Heroes" (
    "Id" integer NOT NULL,
    "Name" text NOT NULL,
    "LocalizedName" text NOT NULL,
    "ImageUrl" text,
    "IconUrl" text,
    "PrimaryAttribute" text,
    "AttackType" text,
    "Roles" text[],
    "OpenDotaId" integer NOT NULL
);


ALTER TABLE public."Heroes" OWNER TO hda_user;





ALTER TABLE public."Heroes" ALTER COLUMN "Id" ADD GENERATED BY DEFAULT AS IDENTITY (
    SEQUENCE NAME public."Heroes_Id_seq"
    START WITH 1
    INCREMENT BY 1
    NO MINVALUE
    NO MAXVALUE
    CACHE 1
);






CREATE TABLE public."MatchPlayerStats" (
    "Id" integer NOT NULL,
    "GameMapId" integer NOT NULL,
    "ProPlayerId" integer NOT NULL,
    "HeroId" integer NOT NULL,
    "IsRadiant" boolean NOT NULL,
    "Kills" integer NOT NULL,
    "Deaths" integer NOT NULL,
    "Assists" integer NOT NULL,
    "Gpm" integer NOT NULL,
    "Xpm" integer NOT NULL,
    "NetWorth" integer NOT NULL,
    "HeroDamage" integer NOT NULL,
    "TowerDamage" integer NOT NULL,
    "HeroHealing" integer NOT NULL,
    "LastHits" integer NOT NULL,
    "Denies" integer NOT NULL,
    "Level" integer NOT NULL
);


ALTER TABLE public."MatchPlayerStats" OWNER TO hda_user;





ALTER TABLE public."MatchPlayerStats" ALTER COLUMN "Id" ADD GENERATED BY DEFAULT AS IDENTITY (
    SEQUENCE NAME public."MatchPlayerStats_Id_seq"
    START WITH 1
    INCREMENT BY 1
    NO MINVALUE
    NO MAXVALUE
    CACHE 1
);






CREATE TABLE public."Matches" (
    "Id" integer NOT NULL,
    "TournamentId" integer NOT NULL,
    "StageId" integer,
    "TeamAId" integer NOT NULL,
    "TeamBId" integer NOT NULL,
    "Format" text NOT NULL,
    "Status" text NOT NULL,
    "ScheduledAt" timestamp with time zone NOT NULL,
    "StartedAt" timestamp with time zone,
    "FinishedAt" timestamp with time zone,
    "TeamAScore" integer,
    "TeamBScore" integer,
    "WinnerId" integer,
    "TwitchUrl" text,
    "YoutubeUrl" text,
    "PandaScoreId" text,
    "CreatedAt" timestamp with time zone NOT NULL,
    "UpdatedAt" timestamp with time zone NOT NULL
);


ALTER TABLE public."Matches" OWNER TO hda_user;





ALTER TABLE public."Matches" ALTER COLUMN "Id" ADD GENERATED BY DEFAULT AS IDENTITY (
    SEQUENCE NAME public."Matches_Id_seq"
    START WITH 1
    INCREMENT BY 1
    NO MINVALUE
    NO MAXVALUE
    CACHE 1
);






CREATE TABLE public."NewsArticles" (
    "Id" integer NOT NULL,
    "Title" text NOT NULL,
    "Slug" text NOT NULL,
    "Content" text NOT NULL,
    "Summary" text,
    "ImageUrl" text,
    "Category" text,
    "IsPublished" boolean NOT NULL,
    "AuthorId" integer NOT NULL,
    "CreatedAt" timestamp with time zone NOT NULL,
    "UpdatedAt" timestamp with time zone NOT NULL,
    "PublishedAt" timestamp with time zone
);


ALTER TABLE public."NewsArticles" OWNER TO hda_user;





ALTER TABLE public."NewsArticles" ALTER COLUMN "Id" ADD GENERATED BY DEFAULT AS IDENTITY (
    SEQUENCE NAME public."NewsArticles_Id_seq"
    START WITH 1
    INCREMENT BY 1
    NO MINVALUE
    NO MAXVALUE
    CACHE 1
);






CREATE TABLE public."PlayerHeroStats" (
    "Id" integer NOT NULL,
    "ProPlayerId" integer NOT NULL,
    "HeroId" integer NOT NULL,
    "GamesPlayed" integer NOT NULL,
    "Wins" integer NOT NULL,
    "AvgKda" double precision NOT NULL,
    "AvgGpm" double precision NOT NULL
);


ALTER TABLE public."PlayerHeroStats" OWNER TO hda_user;





ALTER TABLE public."PlayerHeroStats" ALTER COLUMN "Id" ADD GENERATED BY DEFAULT AS IDENTITY (
    SEQUENCE NAME public."PlayerHeroStats_Id_seq"
    START WITH 1
    INCREMENT BY 1
    NO MINVALUE
    NO MAXVALUE
    CACHE 1
);






CREATE TABLE public."ProPlayers" (
    "Id" integer NOT NULL,
    "UserId" integer NOT NULL,
    "Nickname" text NOT NULL,
    "RealName" text,
    "Country" text,
    "DateOfBirth" timestamp with time zone,
    "Role" text NOT NULL,
    "AvatarUrl" text,
    "Bio" text,
    "SteamId" text,
    "TeamId" integer,
    "Status" text NOT NULL,
    "CreatedAt" timestamp with time zone NOT NULL,
    "UpdatedAt" timestamp with time zone NOT NULL,
    "TotalMatches" integer NOT NULL,
    "Wins" integer NOT NULL,
    "AvgKills" double precision NOT NULL,
    "AvgDeaths" double precision NOT NULL,
    "AvgAssists" double precision NOT NULL,
    "AvgGpm" double precision NOT NULL,
    "AvgXpm" double precision NOT NULL
);


ALTER TABLE public."ProPlayers" OWNER TO hda_user;





ALTER TABLE public."ProPlayers" ALTER COLUMN "Id" ADD GENERATED BY DEFAULT AS IDENTITY (
    SEQUENCE NAME public."ProPlayers_Id_seq"
    START WITH 1
    INCREMENT BY 1
    NO MINVALUE
    NO MAXVALUE
    CACHE 1
);






CREATE TABLE public."TeamHeroStats" (
    "Id" integer NOT NULL,
    "TeamId" integer NOT NULL,
    "HeroId" integer NOT NULL,
    "Picks" integer NOT NULL,
    "Bans" integer NOT NULL,
    "Wins" integer NOT NULL
);


ALTER TABLE public."TeamHeroStats" OWNER TO hda_user;





ALTER TABLE public."TeamHeroStats" ALTER COLUMN "Id" ADD GENERATED BY DEFAULT AS IDENTITY (
    SEQUENCE NAME public."TeamHeroStats_Id_seq"
    START WITH 1
    INCREMENT BY 1
    NO MINVALUE
    NO MAXVALUE
    CACHE 1
);






CREATE TABLE public."Teams" (
    "Id" integer NOT NULL,
    "Name" text NOT NULL,
    "Tag" text NOT NULL,
    "LogoUrl" text,
    "Region" text,
    "Country" text,
    "Organization" text,
    "Founded" timestamp with time zone NOT NULL,
    "RatingPoints" integer NOT NULL,
    "WorldRank" integer NOT NULL,
    "CreatedAt" timestamp with time zone NOT NULL,
    "UpdatedAt" timestamp with time zone NOT NULL
);


ALTER TABLE public."Teams" OWNER TO hda_user;





ALTER TABLE public."Teams" ALTER COLUMN "Id" ADD GENERATED BY DEFAULT AS IDENTITY (
    SEQUENCE NAME public."Teams_Id_seq"
    START WITH 1
    INCREMENT BY 1
    NO MINVALUE
    NO MAXVALUE
    CACHE 1
);






CREATE TABLE public."TournamentParticipants" (
    "Id" integer NOT NULL,
    "TournamentId" integer NOT NULL,
    "TeamId" integer NOT NULL,
    "FinalPlacement" integer,
    "PrizeWon" numeric(18,2)
);


ALTER TABLE public."TournamentParticipants" OWNER TO hda_user;





ALTER TABLE public."TournamentParticipants" ALTER COLUMN "Id" ADD GENERATED BY DEFAULT AS IDENTITY (
    SEQUENCE NAME public."TournamentParticipants_Id_seq"
    START WITH 1
    INCREMENT BY 1
    NO MINVALUE
    NO MAXVALUE
    CACHE 1
);






CREATE TABLE public."TournamentStages" (
    "Id" integer NOT NULL,
    "TournamentId" integer NOT NULL,
    "Name" text NOT NULL,
    "Type" text NOT NULL,
    "Order" integer NOT NULL,
    "StartDate" timestamp with time zone,
    "EndDate" timestamp with time zone
);


ALTER TABLE public."TournamentStages" OWNER TO hda_user;





ALTER TABLE public."TournamentStages" ALTER COLUMN "Id" ADD GENERATED BY DEFAULT AS IDENTITY (
    SEQUENCE NAME public."TournamentStages_Id_seq"
    START WITH 1
    INCREMENT BY 1
    NO MINVALUE
    NO MAXVALUE
    CACHE 1
);






CREATE TABLE public."Tournaments" (
    "Id" integer NOT NULL,
    "Name" text NOT NULL,
    "LogoUrl" text,
    "Organizer" text,
    "Region" text,
    "PrizePool" numeric(18,2) NOT NULL,
    "PrizePoolCurrency" text,
    "StartDate" timestamp with time zone NOT NULL,
    "EndDate" timestamp with time zone NOT NULL,
    "Tier" text NOT NULL,
    "Status" text NOT NULL,
    "Location" text,
    "Description" text,
    "LiquipediaUrl" text,
    "CreatedAt" timestamp with time zone NOT NULL,
    "UpdatedAt" timestamp with time zone NOT NULL
);


ALTER TABLE public."Tournaments" OWNER TO hda_user;





ALTER TABLE public."Tournaments" ALTER COLUMN "Id" ADD GENERATED BY DEFAULT AS IDENTITY (
    SEQUENCE NAME public."Tournaments_Id_seq"
    START WITH 1
    INCREMENT BY 1
    NO MINVALUE
    NO MAXVALUE
    CACHE 1
);






CREATE TABLE public."Users" (
    "Id" integer NOT NULL,
    "Username" text NOT NULL,
    "Email" text NOT NULL,
    "PasswordHash" text NOT NULL,
    "AvatarUrl" text,
    "Role" text NOT NULL,
    "CreatedAt" timestamp with time zone NOT NULL,
    "LastLoginAt" timestamp with time zone,
    "IsActive" boolean NOT NULL
);


ALTER TABLE public."Users" OWNER TO hda_user;





ALTER TABLE public."Users" ALTER COLUMN "Id" ADD GENERATED BY DEFAULT AS IDENTITY (
    SEQUENCE NAME public."Users_Id_seq"
    START WITH 1
    INCREMENT BY 1
    NO MINVALUE
    NO MAXVALUE
    CACHE 1
);






COPY public."ActivityLogs" ("Id", "UserId", "Action", "EntityType", "EntityId", "Details", "IpAddress", "CreatedAt") FROM stdin;
30	14	System initialized	\N	\N	Database seeded with real 2025-2026 data	\N	2026-03-22 22:01:24.921798+03
31	14	Login	\N	\N	\N	\N	2026-03-22 22:06:53.615313+03
32	14	Login	\N	\N	\N	\N	2026-03-22 22:07:11.388387+03
33	14	Login	\N	\N	\N	\N	2026-03-22 22:33:55.113271+03
34	14	Login	\N	\N	\N	\N	2026-03-22 22:37:02.465164+03
35	18	Register	\N	\N	\N	\N	2026-03-22 22:37:58.699075+03
36	14	Login	\N	\N	\N	\N	2026-03-22 22:39:16.441526+03
37	14	Login	\N	\N	\N	\N	2026-03-22 22:47:11.59034+03
38	14	Login	\N	\N	\N	\N	2026-03-22 22:50:29.612392+03
39	18	Login	\N	\N	\N	\N	2026-03-22 22:54:35.225319+03
40	14	Login	\N	\N	\N	\N	2026-03-22 22:54:55.018343+03
41	18	Login	\N	\N	\N	\N	2026-03-22 22:56:28.561203+03
42	14	Login	\N	\N	\N	\N	2026-03-22 22:59:13.284217+03
43	14	Login	\N	\N	\N	\N	2026-03-22 23:00:56.819354+03
44	14	Login	\N	\N	\N	\N	2026-03-23 21:19:48.738432+03
45	14	Login	\N	\N	\N	\N	2026-03-26 23:53:20.343541+03
46	14	Login	\N	\N	\N	\N	2026-03-26 23:59:17.042688+03
47	18	Login	\N	\N	\N	\N	2026-03-26 23:59:27.10667+03
48	14	Login	\N	\N	\N	\N	2026-03-27 00:07:15.453204+03
49	14	Login	\N	\N	\N	\N	2026-04-05 15:40:33.05045+03
50	14	Login	\N	\N	\N	\N	2026-04-05 16:18:14.356238+03
\.






COPY public."GameMapDrafts" ("Id", "GameMapId", "HeroId", "Action", "IsRadiant", "Order") FROM stdin;
\.






COPY public."GameMaps" ("Id", "MatchId", "MapNumber", "RadiantTeamId", "DireTeamId", "WinnerTeamId", "DurationSeconds", "DotaMatchId", "PlayedAt", "RadiantKills", "DireKills") FROM stdin;
\.






COPY public."Heroes" ("Id", "Name", "LocalizedName", "ImageUrl", "IconUrl", "PrimaryAttribute", "AttackType", "Roles", "OpenDotaId") FROM stdin;
1028	pudge	Pudge	https://cdn.cloudflare.steamstatic.com/apps/dota2/images/dota_react/heroes/pudge.png	\N	str	Melee	{Support,Durable,Disabler,Initiator}	14
1030	tidehunter	Tidehunter	https://cdn.cloudflare.steamstatic.com/apps/dota2/images/dota_react/heroes/tidehunter.png	\N	str	Melee	{Initiator,Durable,Disabler,Support}	29
1031	primal_beast	Primal Beast	https://cdn.cloudflare.steamstatic.com/apps/dota2/images/dota_react/heroes/primal_beast.png	\N	str	Melee	{Initiator,Disabler,Durable,Nuker}	137
1033	dragon_knight	Dragon Knight	https://cdn.cloudflare.steamstatic.com/apps/dota2/images/dota_react/heroes/dragon_knight.png	\N	str	Melee	{Carry,Durable,Disabler,Initiator,Pusher,Nuker}	49
1034	omniknight	Omniknight	https://cdn.cloudflare.steamstatic.com/apps/dota2/images/dota_react/heroes/omniknight.png	\N	str	Melee	{Support,Durable}	57
1035	night_stalker	Night Stalker	https://cdn.cloudflare.steamstatic.com/apps/dota2/images/dota_react/heroes/night_stalker.png	\N	str	Melee	{Carry,Initiator,Durable,Disabler}	60
1037	spirit_breaker	Spirit Breaker	https://cdn.cloudflare.steamstatic.com/apps/dota2/images/dota_react/heroes/spirit_breaker.png	\N	str	Melee	{Initiator,Carry,Disabler,Escape,Durable,Nuker}	71
1038	alchemist	Alchemist	https://cdn.cloudflare.steamstatic.com/apps/dota2/images/dota_react/heroes/alchemist.png	\N	str	Melee	{Carry,Durable,Disabler,Nuker,Jungler}	73
1039	lycan	Lycan	https://cdn.cloudflare.steamstatic.com/apps/dota2/images/dota_react/heroes/lycan.png	\N	str	Melee	{Carry,Pusher,Jungler}	77
1041	centaur	Centaur Warrunner	https://cdn.cloudflare.steamstatic.com/apps/dota2/images/dota_react/heroes/centaur.png	\N	str	Melee	{Durable,Initiator,Disabler}	96
1042	kunkka	Kunkka	https://cdn.cloudflare.steamstatic.com/apps/dota2/images/dota_react/heroes/kunkka.png	\N	str	Melee	{Carry,Support,Disabler,Nuker,Initiator,Durable}	23
1044	tiny	Tiny	https://cdn.cloudflare.steamstatic.com/apps/dota2/images/dota_react/heroes/tiny.png	\N	str	Melee	{Carry,Initiator,Nuker,Pusher}	19
1045	skeleton_king	Wraith King	https://cdn.cloudflare.steamstatic.com/apps/dota2/images/dota_react/heroes/skeleton_king.png	\N	str	Melee	{Carry,Durable,Disabler,Jungler}	42
1046	rattletrap	Clockwerk	https://cdn.cloudflare.steamstatic.com/apps/dota2/images/dota_react/heroes/rattletrap.png	\N	str	Melee	{Initiator,Carry,Durable,Disabler,Nuker}	51
1048	treant	Treant Protector	https://cdn.cloudflare.steamstatic.com/apps/dota2/images/dota_react/heroes/treant.png	\N	str	Melee	{Support,Pusher,Durable,Disabler,Initiator,Jungler}	83
1049	mars	Mars	https://cdn.cloudflare.steamstatic.com/apps/dota2/images/dota_react/heroes/mars.png	\N	str	Melee	{Carry,Disabler,Initiator,Durable,Nuker}	129
1051	ogre_magi	Ogre Magi	https://cdn.cloudflare.steamstatic.com/apps/dota2/images/dota_react/heroes/ogre_magi.png	\N	str	Melee	{Support,Durable,Nuker,Disabler}	84
1052	huskar	Huskar	https://cdn.cloudflare.steamstatic.com/apps/dota2/images/dota_react/heroes/huskar.png	\N	str	Ranged	{Carry,Durable,Nuker,Initiator}	59
1053	sven	Sven	https://cdn.cloudflare.steamstatic.com/apps/dota2/images/dota_react/heroes/sven.png	\N	str	Melee	{Carry,Initiator,Disabler,Nuker,Durable}	18
1055	tusk	Tusk	https://cdn.cloudflare.steamstatic.com/apps/dota2/images/dota_react/heroes/tusk.png	\N	str	Melee	{Support,Initiator,Disabler,Carry,Durable,Nuker}	100
1056	bristleback	Bristleback	https://cdn.cloudflare.steamstatic.com/apps/dota2/images/dota_react/heroes/bristleback.png	\N	str	Melee	{Carry,Initiator,Durable,Nuker}	99
1058	phoenix	Phoenix	https://cdn.cloudflare.steamstatic.com/apps/dota2/images/dota_react/heroes/phoenix.png	\N	str	Ranged	{Support,Initiator,Disabler,Nuker,Durable,Escape}	110
1059	legion_commander	Legion Commander	https://cdn.cloudflare.steamstatic.com/apps/dota2/images/dota_react/heroes/legion_commander.png	\N	str	Melee	{Carry,Initiator,Durable,Disabler,Jungler,Nuker}	104
1060	wisp	Io	https://cdn.cloudflare.steamstatic.com/apps/dota2/images/dota_react/heroes/wisp.png	\N	str	Ranged	{Support,Escape,Jungler}	91
1063	shadow_fiend	Shadow Fiend	https://cdn.cloudflare.steamstatic.com/apps/dota2/images/dota_react/heroes/nevermore.png	\N	agi	Ranged	{Carry,Nuker}	11
1064	juggernaut	Juggernaut	https://cdn.cloudflare.steamstatic.com/apps/dota2/images/dota_react/heroes/juggernaut.png	\N	agi	Melee	{Carry,Jungler,Pusher}	8
1065	mirana	Mirana	https://cdn.cloudflare.steamstatic.com/apps/dota2/images/dota_react/heroes/mirana.png	\N	agi	Ranged	{Carry,Support,Escape,Nuker,Disabler}	9
1067	drow_ranger	Drow Ranger	https://cdn.cloudflare.steamstatic.com/apps/dota2/images/dota_react/heroes/drow_ranger.png	\N	agi	Ranged	{Carry,Disabler,Pusher,Nuker}	6
1068	faceless_void	Faceless Void	https://cdn.cloudflare.steamstatic.com/apps/dota2/images/dota_react/heroes/faceless_void.png	\N	agi	Melee	{Carry,Disabler,Initiator}	41
1069	phantom_assassin	Phantom Assassin	https://cdn.cloudflare.steamstatic.com/apps/dota2/images/dota_react/heroes/phantom_assassin.png	\N	agi	Melee	{Carry,Escape,Disabler}	44
1071	razor	Razor	https://cdn.cloudflare.steamstatic.com/apps/dota2/images/dota_react/heroes/razor.png	\N	agi	Ranged	{Carry,Durable,Nuker}	15
1072	gyrocopter	Gyrocopter	https://cdn.cloudflare.steamstatic.com/apps/dota2/images/dota_react/heroes/gyrocopter.png	\N	agi	Ranged	{Carry,Nuker,Initiator}	72
1074	ursa	Ursa	https://cdn.cloudflare.steamstatic.com/apps/dota2/images/dota_react/heroes/ursa.png	\N	agi	Melee	{Carry,Jungler,Initiator,Durable}	70
1112	tinker	Tinker	https://cdn.cloudflare.steamstatic.com/apps/dota2/images/dota_react/heroes/tinker.png	\N	int	Ranged	{Carry,Nuker,Pusher,Escape,Disabler}	34
1077	weaver	Weaver	https://cdn.cloudflare.steamstatic.com/apps/dota2/images/dota_react/heroes/weaver.png	\N	agi	Ranged	{Carry,Escape,Nuker}	63
1098	invoker	Invoker	https://cdn.cloudflare.steamstatic.com/apps/dota2/images/dota_react/heroes/invoker.png	\N	int	Ranged	{Carry,Nuker,Disabler,Escape}	74
776	axe	Axe	https://cdn.cloudflare.steamstatic.com/apps/dota2/images/dota_react/heroes/axe.png	\N	str	Melee	{Initiator,Durable,Disabler}	2
1075	clinkz	Clinkz	https://cdn.cloudflare.steamstatic.com/apps/dota2/images/dota_react/heroes/clinkz.png	\N	agi	Ranged	{Carry,Escape,Pusher,Nuker}	56
1078	phantom_lancer	Phantom Lancer	https://cdn.cloudflare.steamstatic.com/apps/dota2/images/dota_react/heroes/phantom_lancer.png	\N	agi	Melee	{Carry,Escape,Nuker,Disabler,Pusher}	12
1079	naga_siren	Naga Siren	https://cdn.cloudflare.steamstatic.com/apps/dota2/images/dota_react/heroes/naga_siren.png	\N	agi	Melee	{Carry,Support,Escape,Pusher,Disabler}	89
1080	slark	Slark	https://cdn.cloudflare.steamstatic.com/apps/dota2/images/dota_react/heroes/slark.png	\N	agi	Melee	{Carry,Escape,Disabler,Nuker}	93
1082	troll_warlord	Troll Warlord	https://cdn.cloudflare.steamstatic.com/apps/dota2/images/dota_react/heroes/troll_warlord.png	\N	agi	Melee	{Carry,Pusher,Disabler,Jungler}	95
1083	monkey_king	Monkey King	https://cdn.cloudflare.steamstatic.com/apps/dota2/images/dota_react/heroes/monkey_king.png	\N	agi	Melee	{Carry,Escape,Initiator,Pusher,Nuker}	114
1085	muerta	Muerta	https://cdn.cloudflare.steamstatic.com/apps/dota2/images/dota_react/heroes/muerta.png	\N	agi	Ranged	{Carry,Support,Nuker,Disabler}	136
1086	bloodseeker	Bloodseeker	https://cdn.cloudflare.steamstatic.com/apps/dota2/images/dota_react/heroes/bloodseeker.png	\N	agi	Melee	{Carry,Jungler,Initiator,Nuker,Disabler}	4
1087	riki	Riki	https://cdn.cloudflare.steamstatic.com/apps/dota2/images/dota_react/heroes/riki.png	\N	agi	Melee	{Carry,Escape,Nuker,Disabler,Support}	32
1089	meepo	Meepo	https://cdn.cloudflare.steamstatic.com/apps/dota2/images/dota_react/heroes/meepo.png	\N	agi	Melee	{Carry,Jungler,Escape,Nuker,Pusher,Durable}	82
1091	lone_druid	Lone Druid	https://cdn.cloudflare.steamstatic.com/apps/dota2/images/dota_react/heroes/lone_druid.png	\N	agi	Ranged	{Carry,Pusher,Jungler,Durable,Nuker}	80
1092	sniper	Sniper	https://cdn.cloudflare.steamstatic.com/apps/dota2/images/dota_react/heroes/sniper.png	\N	agi	Ranged	{Carry,Nuker,Disabler}	35
1093	vengefulspirit	Vengeful Spirit	https://cdn.cloudflare.steamstatic.com/apps/dota2/images/dota_react/heroes/vengefulspirit.png	\N	agi	Ranged	{Support,Carry,Disabler,Nuker,Initiator}	20
1094	hoodwink	Hoodwink	https://cdn.cloudflare.steamstatic.com/apps/dota2/images/dota_react/heroes/hoodwink.png	\N	agi	Ranged	{Support,Carry,Disabler,Nuker,Escape,Initiator}	123
1096	arc_warden	Arc Warden	https://cdn.cloudflare.steamstatic.com/apps/dota2/images/dota_react/heroes/arc_warden.png	\N	all	Ranged	{Carry,Pusher,Jungler,Escape,Nuker}	113
1099	witch_doctor	Witch Doctor	https://cdn.cloudflare.steamstatic.com/apps/dota2/images/dota_react/heroes/witch_doctor.png	\N	int	Ranged	{Support,Nuker,Disabler}	30
1101	lion	Lion	https://cdn.cloudflare.steamstatic.com/apps/dota2/images/dota_react/heroes/lion.png	\N	int	Ranged	{Support,Disabler,Nuker}	26
1102	storm_spirit	Storm Spirit	https://cdn.cloudflare.steamstatic.com/apps/dota2/images/dota_react/heroes/storm_spirit.png	\N	int	Ranged	{Carry,Escape,Nuker,Initiator}	17
1103	lina	Lina	https://cdn.cloudflare.steamstatic.com/apps/dota2/images/dota_react/heroes/lina.png	\N	int	Ranged	{Carry,Support,Nuker}	25
1105	puck	Puck	https://cdn.cloudflare.steamstatic.com/apps/dota2/images/dota_react/heroes/puck.png	\N	int	Ranged	{Initiator,Escape,Nuker,Disabler}	13
1106	necrolyte	Necrophos	https://cdn.cloudflare.steamstatic.com/apps/dota2/images/dota_react/heroes/necrolyte.png	\N	int	Ranged	{Carry,Nuker,Jungler,Durable}	36
1108	shadow_shaman	Shadow Shaman	https://cdn.cloudflare.steamstatic.com/apps/dota2/images/dota_react/heroes/shadow_shaman.png	\N	int	Ranged	{Support,Pusher,Disabler,Nuker}	27
1109	silencer	Silencer	https://cdn.cloudflare.steamstatic.com/apps/dota2/images/dota_react/heroes/silencer.png	\N	int	Ranged	{Support,Carry,Disabler,Nuker,Pusher,Durable,Initiator}	39
1111	ancient_apparition	Ancient Apparition	https://cdn.cloudflare.steamstatic.com/apps/dota2/images/dota_react/heroes/ancient_apparition.png	\N	int	Ranged	{Support,Nuker,Disabler,Initiator}	68
1113	rubick	Rubick	https://cdn.cloudflare.steamstatic.com/apps/dota2/images/dota_react/heroes/rubick.png	\N	int	Ranged	{Support,Nuker,Disabler,Initiator}	86
1115	keeper_of_the_light	Keeper of the Light	https://cdn.cloudflare.steamstatic.com/apps/dota2/images/dota_react/heroes/keeper_of_the_light.png	\N	int	Ranged	{Support,Nuker,Pusher}	90
1116	skywrath_mage	Skywrath Mage	https://cdn.cloudflare.steamstatic.com/apps/dota2/images/dota_react/heroes/skywrath_mage.png	\N	int	Ranged	{Support,Carry,Nuker,Disabler}	101
1148	visage	Visage	https://cdn.cloudflare.steamstatic.com/apps/dota2/images/dota_react/heroes/visage.png	\N	all	Ranged	{Support,Carry,Durable,Pusher,Initiator,Nuker}	92
1134	magnataur	Magnus	https://cdn.cloudflare.steamstatic.com/apps/dota2/images/dota_react/heroes/magnataur.png	\N	all	Melee	{Initiator,Disabler,Nuker,Carry,Support,Durable}	97
1123	grimstroke	Grimstroke	https://cdn.cloudflare.steamstatic.com/apps/dota2/images/dota_react/heroes/grimstroke.png	\N	int	Ranged	{Support,Nuker,Disabler,Initiator}	121
1117	pugna	Pugna	https://cdn.cloudflare.steamstatic.com/apps/dota2/images/dota_react/heroes/pugna.png	\N	int	Ranged	{Support,Pusher,Nuker,Disabler}	45
1029	earthshaker	Earthshaker	https://cdn.cloudflare.steamstatic.com/apps/dota2/images/dota_react/heroes/earthshaker.png	\N	str	Melee	{Support,Initiator,Disabler,Nuker}	7
1118	enchantress	Enchantress	https://cdn.cloudflare.steamstatic.com/apps/dota2/images/dota_react/heroes/enchantress.png	\N	int	Ranged	{Support,Carry,Jungler,Pusher,Nuker,Durable}	58
1135	furion	Nature's Prophet	https://cdn.cloudflare.steamstatic.com/apps/dota2/images/dota_react/heroes/furion.png	\N	all	Ranged	{Carry,Pusher,Jungler,Nuker,Escape,Initiator,Disabler}	53
1132	bane	Bane	https://cdn.cloudflare.steamstatic.com/apps/dota2/images/dota_react/heroes/bane.png	\N	all	Ranged	{Support,Disabler,Nuker,Initiator}	38
1032	shredder	Timbersaw	https://cdn.cloudflare.steamstatic.com/apps/dota2/images/dota_react/heroes/shredder.png	\N	str	Melee	{Carry,Initiator,Nuker,Durable}	75
1036	doom_bringer	Doom	https://cdn.cloudflare.steamstatic.com/apps/dota2/images/dota_react/heroes/doom_bringer.png	\N	str	Melee	{Carry,Jungler,Durable,Disabler,Nuker}	69
1040	elder_titan	Elder Titan	https://cdn.cloudflare.steamstatic.com/apps/dota2/images/dota_react/heroes/elder_titan.png	\N	str	Melee	{Support,Initiator,Disabler,Nuker}	103
1043	slardar	Slardar	https://cdn.cloudflare.steamstatic.com/apps/dota2/images/dota_react/heroes/slardar.png	\N	str	Melee	{Carry,Initiator,Disabler,Durable}	28
1047	abyssal_underlord	Underlord	https://cdn.cloudflare.steamstatic.com/apps/dota2/images/dota_react/heroes/abyssal_underlord.png	\N	str	Melee	{Support,Durable,Pusher,Disabler,Initiator,Nuker}	108
1050	dawnbreaker	Dawnbreaker	https://cdn.cloudflare.steamstatic.com/apps/dota2/images/dota_react/heroes/dawnbreaker.png	\N	str	Melee	{Carry,Support,Durable,Initiator,Nuker}	135
1054	chaos_knight	Chaos Knight	https://cdn.cloudflare.steamstatic.com/apps/dota2/images/dota_react/heroes/chaos_knight.png	\N	str	Melee	{Carry,Initiator,Durable,Disabler,Escape,Nuker}	81
1120	leshrac	Leshrac	https://cdn.cloudflare.steamstatic.com/apps/dota2/images/dota_react/heroes/leshrac.png	\N	int	Ranged	{Carry,Support,Pusher,Nuker,Disabler}	52
1121	chen	Chen	https://cdn.cloudflare.steamstatic.com/apps/dota2/images/dota_react/heroes/chen.png	\N	int	Ranged	{Support,Pusher,Jungler,Initiator,Disabler,Nuker}	66
1124	dark_willow	Dark Willow	https://cdn.cloudflare.steamstatic.com/apps/dota2/images/dota_react/heroes/dark_willow.png	\N	int	Ranged	{Support,Nuker,Disabler,Escape,Initiator}	119
1126	shadow_demon	Shadow Demon	https://cdn.cloudflare.steamstatic.com/apps/dota2/images/dota_react/heroes/shadow_demon.png	\N	int	Ranged	{Support,Disabler,Nuker,Pusher,Initiator}	79
1127	winter_wyvern	Winter Wyvern	https://cdn.cloudflare.steamstatic.com/apps/dota2/images/dota_react/heroes/winter_wyvern.png	\N	int	Ranged	{Support,Disabler,Nuker,Durable}	112
1128	queenofpain	Queen of Pain	https://cdn.cloudflare.steamstatic.com/apps/dota2/images/dota_react/heroes/queenofpain.png	\N	int	Ranged	{Carry,Nuker,Escape,Disabler,Initiator}	39
1130	earth_spirit	Earth Spirit	https://cdn.cloudflare.steamstatic.com/apps/dota2/images/dota_react/heroes/earth_spirit.png	\N	all	Melee	{Initiator,Disabler,Nuker,Escape,Durable,Support}	107
1131	abaddon	Abaddon	https://cdn.cloudflare.steamstatic.com/apps/dota2/images/dota_react/heroes/abaddon.png	\N	all	Melee	{Support,Carry,Durable}	102
1137	pangolier	Pangolier	https://cdn.cloudflare.steamstatic.com/apps/dota2/images/dota_react/heroes/pangolier.png	\N	all	Melee	{Carry,Disabler,Initiator,Escape,Nuker,Durable}	120
1138	sand_king	Sand King	https://cdn.cloudflare.steamstatic.com/apps/dota2/images/dota_react/heroes/sand_king.png	\N	all	Melee	{Initiator,Disabler,Nuker,Support}	16
1141	techies	Techies	https://cdn.cloudflare.steamstatic.com/apps/dota2/images/dota_react/heroes/techies.png	\N	all	Ranged	{Support,Nuker,Disabler}	105
1142	windrunner	Windranger	https://cdn.cloudflare.steamstatic.com/apps/dota2/images/dota_react/heroes/windrunner.png	\N	all	Ranged	{Carry,Support,Disabler,Nuker}	21
1143	enigma	Enigma	https://cdn.cloudflare.steamstatic.com/apps/dota2/images/dota_react/heroes/enigma.png	\N	all	Ranged	{Initiator,Jungler,Pusher,Disabler,Nuker}	33
1145	death_prophet	Death Prophet	https://cdn.cloudflare.steamstatic.com/apps/dota2/images/dota_react/heroes/death_prophet.png	\N	all	Ranged	{Carry,Pusher,Nuker}	43
1146	brewmaster	Brewmaster	https://cdn.cloudflare.steamstatic.com/apps/dota2/images/dota_react/heroes/brewmaster.png	\N	all	Melee	{Initiator,Carry,Disabler,Nuker,Jungler,Durable}	78
1149	veno	Venomancer	https://cdn.cloudflare.steamstatic.com/apps/dota2/images/dota_react/heroes/venomancer.png	\N	all	Ranged	{Support,Pusher,Nuker,Initiator,Disabler}	40
1136	nyx_assassin	Nyx Assassin	https://cdn.cloudflare.steamstatic.com/apps/dota2/images/dota_react/heroes/nyx_assassin.png	\N	all	Melee	{Support,Initiator,Disabler,Nuker,Escape}	88
1139	snapfire	Snapfire	https://cdn.cloudflare.steamstatic.com/apps/dota2/images/dota_react/heroes/snapfire.png	\N	all	Ranged	{Support,Nuker,Disabler,Initiator}	128
1057	undying	Undying	https://cdn.cloudflare.steamstatic.com/apps/dota2/images/dota_react/heroes/undying.png	\N	str	Melee	{Support,Durable,Initiator,Nuker,Disabler}	85
902	marci	Marci	https://cdn.cloudflare.steamstatic.com/apps/dota2/images/dota_react/heroes/marci.png	\N	str	Melee	{Support,Carry,Initiator,Disabler,Escape,Durable,Nuker}	131
1061	lifestealer	Lifestealer	https://cdn.cloudflare.steamstatic.com/apps/dota2/images/dota_react/heroes/life_stealer.png	\N	str	Melee	{Carry,Jungler,Durable,Disabler}	54
1062	anti_mage	Anti-Mage	https://cdn.cloudflare.steamstatic.com/apps/dota2/images/dota_react/heroes/antimage.png	\N	agi	Melee	{Carry,Escape}	1
1066	morphling	Morphling	https://cdn.cloudflare.steamstatic.com/apps/dota2/images/dota_react/heroes/morphling.png	\N	agi	Ranged	{Carry,Escape,Nuker}	10
1070	viper	Viper	https://cdn.cloudflare.steamstatic.com/apps/dota2/images/dota_react/heroes/viper.png	\N	agi	Ranged	{Carry,Nuker,Disabler,Durable}	47
1073	luna	Luna	https://cdn.cloudflare.steamstatic.com/apps/dota2/images/dota_react/heroes/luna.png	\N	agi	Ranged	{Carry,Pusher,Nuker}	48
1076	bounty_hunter	Bounty Hunter	https://cdn.cloudflare.steamstatic.com/apps/dota2/images/dota_react/heroes/bounty_hunter.png	\N	agi	Melee	{Carry,Escape,Support,Disabler,Nuker,Initiator}	62
1081	medusa	Medusa	https://cdn.cloudflare.steamstatic.com/apps/dota2/images/dota_react/heroes/medusa.png	\N	agi	Ranged	{Carry,Pusher,Durable,Nuker}	94
1084	terrorblade	Terrorblade	https://cdn.cloudflare.steamstatic.com/apps/dota2/images/dota_react/heroes/terrorblade.png	\N	agi	Ranged	{Carry,Pusher,Escape,Nuker}	109
1088	broodmother	Broodmother	https://cdn.cloudflare.steamstatic.com/apps/dota2/images/dota_react/heroes/broodmother.png	\N	agi	Melee	{Carry,Jungler,Pusher,Escape,Durable,Nuker}	61
1090	templar_assassin	Templar Assassin	https://cdn.cloudflare.steamstatic.com/apps/dota2/images/dota_react/heroes/templar_assassin.png	\N	agi	Melee	{Carry,Initiator,Escape,Nuker,Disabler,Jungler}	46
1140	spectre	Spectre	https://cdn.cloudflare.steamstatic.com/apps/dota2/images/dota_react/heroes/spectre.png	\N	agi	Melee	{Carry,Escape,Durable,Disabler}	67
1095	ember_spirit	Ember Spirit	https://cdn.cloudflare.steamstatic.com/apps/dota2/images/dota_react/heroes/ember_spirit.png	\N	agi	Melee	{Carry,Escape,Nuker,Disabler,Initiator}	106
1097	crystal_maiden	Crystal Maiden	https://cdn.cloudflare.steamstatic.com/apps/dota2/images/dota_react/heroes/crystal_maiden.png	\N	int	Ranged	{Support,Disabler,Nuker}	5
1100	lich	Lich	https://cdn.cloudflare.steamstatic.com/apps/dota2/images/dota_react/heroes/lich.png	\N	int	Ranged	{Support,Nuker,Disabler}	31
1104	zuus	Zeus	https://cdn.cloudflare.steamstatic.com/apps/dota2/images/dota_react/heroes/zuus.png	\N	int	Ranged	{Nuker}	22
1107	warlock	Warlock	https://cdn.cloudflare.steamstatic.com/apps/dota2/images/dota_react/heroes/warlock.png	\N	int	Ranged	{Support,Nuker,Initiator,Disabler}	37
1110	obsidian_destroyer	Outworld Destroyer	https://cdn.cloudflare.steamstatic.com/apps/dota2/images/dota_react/heroes/obsidian_destroyer.png	\N	int	Ranged	{Carry,Nuker,Disabler,Escape,Support}	76
1114	disruptor	Disruptor	https://cdn.cloudflare.steamstatic.com/apps/dota2/images/dota_react/heroes/disruptor.png	\N	int	Ranged	{Support,Nuker,Disabler,Initiator}	87
1119	jakiro	Jakiro	https://cdn.cloudflare.steamstatic.com/apps/dota2/images/dota_react/heroes/jakiro.png	\N	int	Ranged	{Support,Disabler,Nuker,Pusher}	64
1122	oracle	Oracle	https://cdn.cloudflare.steamstatic.com/apps/dota2/images/dota_react/heroes/oracle.png	\N	int	Ranged	{Support,Disabler,Nuker,Escape,Initiator}	111
1125	dark_seer	Dark Seer	https://cdn.cloudflare.steamstatic.com/apps/dota2/images/dota_react/heroes/dark_seer.png	\N	int	Melee	{Support,Initiator,Jungler,Carry,Pusher,Durable,Nuker,Disabler}	55
901	ringmaster	Ringmaster	https://cdn.cloudflare.steamstatic.com/apps/dota2/images/dota_react/heroes/ringmaster.png	\N	int	Ranged	{Support,Initiator,Disabler,Nuker,Durable}	139
1129	void_spirit	Void Spirit	https://cdn.cloudflare.steamstatic.com/apps/dota2/images/dota_react/heroes/void_spirit.png	\N	all	Melee	{Carry,Escape,Nuker,Disabler}	126
1133	batrider	Batrider	https://cdn.cloudflare.steamstatic.com/apps/dota2/images/dota_react/heroes/batrider.png	\N	all	Ranged	{Initiator,Carry,Disabler,Nuker,Escape,Support,Durable}	65
1144	dazzle	Dazzle	https://cdn.cloudflare.steamstatic.com/apps/dota2/images/dota_react/heroes/dazzle.png	\N	all	Ranged	{Support,Carry,Nuker,Disabler}	50
1147	beastmaster	Beastmaster	https://cdn.cloudflare.steamstatic.com/apps/dota2/images/dota_react/heroes/beastmaster.png	\N	all	Melee	{Initiator,Jungler,Disabler,Pusher,Durable,Nuker}	38
1150	largo	Largo	https://cdn.cloudflare.steamstatic.com/apps/dota2/images/dota_react/heroes/largo.png	\N	str	Melee	{Support,Disabler,Durable}	145
\.


--
-- Data for Name: MatchPlayerStats; Type: TABLE DATA; Schema: public; Owner: hda_user
--

COPY public."MatchPlayerStats" ("Id", "GameMapId", "ProPlayerId", "HeroId", "IsRadiant", "Kills", "Deaths", "Assists", "Gpm", "Xpm", "NetWorth", "HeroDamage", "TowerDamage", "HeroHealing", "LastHits", "Denies", "Level") FROM stdin;
\.


--
-- Data for Name: Matches; Type: TABLE DATA; Schema: public; Owner: hda_user
--

COPY public."Matches" ("Id", "TournamentId", "StageId", "TeamAId", "TeamBId", "Format", "Status", "ScheduledAt", "StartedAt", "FinishedAt", "TeamAScore", "TeamBScore", "WinnerId", "TwitchUrl", "YoutubeUrl", "PandaScoreId", "CreatedAt", "UpdatedAt") FROM stdin;
28	19	16	31	36	Bo5	Completed	2025-09-14 17:00:00+03	2025-09-14 17:10:00+03	2025-09-15 00:00:00+03	3	2	31	https://twitch.tv/dota2ti	https://youtube.com/dota2	\N	2026-03-22 22:01:24.921798+03	2026-03-22 22:01:24.921798+03
29	19	17	31	33	Bo3	Completed	2025-09-12 15:00:00+03	2025-09-12 15:05:00+03	2025-09-12 18:00:00+03	2	0	31	\N	\N	\N	2026-03-22 22:01:24.921798+03	2026-03-22 22:01:24.921798+03
30	19	17	36	38	Bo3	Completed	2025-09-13 13:00:00+03	2025-09-13 13:05:00+03	2025-09-13 16:00:00+03	2	1	36	\N	\N	\N	2026-03-22 22:01:24.921798+03	2026-03-22 22:01:24.921798+03
31	20	19	32	31	Bo5	Completed	2025-12-07 18:00:00+03	2025-12-07 18:05:00+03	2025-12-07 23:00:00+03	3	1	32	\N	\N	\N	2026-03-22 22:01:24.921798+03	2026-03-22 22:01:24.921798+03
32	23	20	31	32	Bo3	Scheduled	2026-03-25 17:00:00+03	\N	\N	\N	\N	\N	\N	\N	\N	2026-03-22 22:01:24.921798+03	2026-03-22 22:01:24.921798+03
33	23	20	33	34	Bo3	Scheduled	2026-03-25 20:00:00+03	\N	\N	\N	\N	\N	\N	\N	\N	2026-03-22 22:01:24.921798+03	2026-03-22 22:01:24.921798+03
34	23	20	35	37	Bo3	Scheduled	2026-03-26 17:00:00+03	\N	\N	\N	\N	\N	\N	\N	\N	2026-03-22 22:01:24.921798+03	2026-03-22 22:01:24.921798+03
35	23	20	36	39	Bo3	Scheduled	2026-03-26 20:00:00+03	\N	\N	\N	\N	\N	\N	\N	\N	2026-03-22 22:01:24.921798+03	2026-03-22 22:01:24.921798+03
36	23	20	38	40	Bo3	Scheduled	2026-03-27 17:00:00+03	\N	\N	\N	\N	\N	\N	\N	\N	2026-03-22 22:01:24.921798+03	2026-03-22 22:01:24.921798+03
\.


--
-- Data for Name: NewsArticles; Type: TABLE DATA; Schema: public; Owner: hda_user
--

COPY public."NewsArticles" ("Id", "Title", "Slug", "Content", "Summary", "ImageUrl", "Category", "IsPublished", "AuthorId", "CreatedAt", "UpdatedAt", "PublishedAt") FROM stdin;
41	Team Falcons — Чемпионы The International 2025	falcons-ti2025-champions	14 сентября 2025 года Team Falcons вошли в историю Dota 2, завоевав Aegis of Champions на The International 2025, прошедшем на арене Barclays Arena в Гамбурге. В захватывающем гранд-финале формата bo5 Falcons победили Xtreme Gaming со счётом 3:2. ATF, Malr1ne и Cr1t- были признаны ключевыми игроками турнира. Призовой фонд TI14 составил $2,881,791 — исторически один из самых скромных, но ни в коей мере не уменьшивший накал страстей. Малр1не после финала заявил: «Мы знали, что можем это сделать. Команда работала невероятно усердно весь год».	Team Falcons победили Xtreme Gaming 3:2 в захватывающем гранд-финале TI14 в Гамбурге.	\N	Result	t	14	2025-09-14 03:00:00+03	2025-09-14 03:00:00+03	2025-09-15 01:00:00+03
42	Tundra Esports выиграли BLAST Slam V и DreamLeague S27	tundra-blast-slam-5-dl27	Tundra Esports завершили 2025 год на невероятной волне: победы на BLAST Slam V и DreamLeague Season 27 сделали их самой титулованной командой второй половины сезона. Особенно впечатляет BLAST Slam — это уже четвёртая подряд победа Tundra в этой серии. Капитан команды 33 прокомментировал: «Мы сделали то, что должны были. Команда работала очень хорошо».	33 и компания завоевали очередные два крупных трофея, утвердив свой статус топ-команды конца 2025 года.	\N	Result	t	14	2025-12-08 03:00:00+03	2025-12-08 03:00:00+03	2025-12-08 13:00:00+03
43	Team Liquid победили на BLAST Slam VI	liquid-blast-slam-vi-2026	В феврале 2026 года Team Liquid ворвались в новый сезон с победой на BLAST Slam VI. Обновлённый состав с бывшими игроками Marcus 'Ace' Hoelgaard и Erik 'tOfu' Engel показал класс, переиграв Tundra Esports в гранд-финале. Это доказало, что посттурнирный шаффл пошёл Liquid на пользу.	Team Liquid с новым составом (Ace, tOfu) одержали победу на BLAST Slam VI, прервав серию Tundra.	\N	Result	t	14	2026-03-03 03:00:00+03	2026-03-03 03:00:00+03	2026-03-03 13:00:00+03
44	PGL Wallachia Season 7 стартует 10 марта	pgl-wallachia-s7-start	PGL Wallachia Season 7 — один из самых ожидаемых турниров начала 2026 года — начался 10 марта. В нём участвуют 16 лучших команд мира, включая чемпионов TI Falcons, доминирующий Tundra, действующих победителей Liquid и многих других. Призовой фонд составляет $1,000,000.	Новый крупный турнир с призовым фондом $1,000,000 начинается на этой неделе. Следите за матчами на HDA.gg.	\N	News	t	14	2026-03-10 03:00:00+03	2026-03-10 03:00:00+03	2026-03-10 11:00:00+03
45	Dota 2 Патч 7.38: Полная переработка нейтральных предметов	patch-738-neutral-items	Патч 7.38 стал одним из самых значимых обновлений за последние годы. Полная переработка нейтральных предметов изменила подходы к фармингу и стратегию игры. Новая карта получила обновлённую Roshan pit и изменённые лесные лагеря. Профессиональные игроки активно осваивают новый мета.	Valve выпустила масштабный патч 7.38, кардинально изменив систему нейтральных предметов и внеся крупные изменения на карту.	\N	Patch	t	14	2026-02-15 03:00:00+03	2026-02-15 03:00:00+03	2026-02-15 15:00:00+03
46	N0tail возвращается в OG — легенда снова в деле	n0tail-returns-og-2025	Dota 2 сообщество ликует: N0tail, один из величайших игроков в истории игры и двукратный победитель The International (2018, 2019), вернулся в профессиональный спорт. 30-летний финн снова надел джерси OG и уже тренируется с новым составом команды.	Двукратный чемпион TI Johan 'N0tail' Sundstein вышел из отставки и снова выступает за OG.	\N	Transfer	t	14	2025-10-05 03:00:00+03	2025-10-05 03:00:00+03	2025-10-05 12:00:00+03
47	ATF: «Мы с Malr1ne — лучший дуэт в мире»	atf-interview-ti2025	После исторической победы на The International 2025 ATF поделился мыслями с нашей редакцией. «Я верил в эту команду с первого дня. Малр1не — лучший мидлейнер, с которым я когда-либо играл. Мы читаем мысли друг друга». На вопрос о TI 2026 в Шанхае ATF ответил: «Мы приедем защищать титул».	Чемпион TI2025 ATF дал эксклюзивное интервью HDA.gg о победе на TI, паре с Malr1ne и планах на 2026 год.	\N	Interview	t	14	2025-09-20 03:00:00+03	2025-09-20 03:00:00+03	2025-09-20 17:00:00+03
48	Анализ мета: почему Timbersaw доминирует в 7.38	meta-analysis-timbersaw-738	С выходом патча 7.38 Timbersaw превратился в настоящий кошмар для оппонентов. Изменения в нейтральных предметах усилили его потенциал для быстрого фарма, а новые предметы идеально подходят под его стиль игры. Не удивительно, что именно этого героя ATF из Falcons считает своим фаворитом в текущей мете.	После патча 7.38 Timbersaw стал одним из самых сильных героев в профессиональной игре. Разбираем почему.	\N	Analysis	t	14	2026-02-25 03:00:00+03	2026-02-25 03:00:00+03	2026-02-25 14:00:00+03
49	TI 2026 пройдёт в Шанхае — официально подтверждено	ti2026-shanghai-confirmed	Valve официально объявила место проведения The International 2026 — Шанхай, Китай. Это большая победа для китайского сообщества Dota 2, которое получило TI на родной земле впервые с 2018 года. Xtreme Gaming, финалисты TI 2025, рассчитывают сыграть при поддержке домашней аудитории.	Valve объявила, что The International 2026 состоится в Шанхае, Китай. Это будет первый TI в Китае с 2018 года.	\N	News	t	14	2025-10-15 03:00:00+03	2025-10-15 03:00:00+03	2025-10-15 13:00:00+03
51	PGL Wallachia S7: предматчевый анализ	pgl-wallachia-s7-preview	PGL Wallachia Season 7 стартовал 10 марта с 16 лучшими командами мира. Группа A выглядит смертоносной: Falcons, Tundra и Spirit в одной группе гарантируют зрелищные матчи. Особо интересно противостояние Falcons против Tundra — реванш за поражение на BLAST Slam V. В группе B самый опасный тёмная лошадка — Heroic, которые показали невероятную игру на TI 2025.	Разбираем группы, ключевые противостояния и прогнозы для PGL Wallachia Season 7.	\N	Analysis	t	14	2026-03-09 03:00:00+03	2026-03-09 03:00:00+03	2026-03-09 14:00:00+03
52	Yatoro: «Каждый TI — новый шанс войти в историю»	yatoro-interview-march-2026	В эксклюзивном интервью Ilya 'Yatoro' Mulyarchuk поделился своими мыслями о текущей мете и планах на TI 2026. «Патч 7.38 очень хорош для кэрри-героев, мне нравится играть в нынешней мете. Faceless Void и Morphling — мои любимцы прямо сейчас». О TI 2026 в Шанхае: «Мы уже думаем о нём. Команда голодна до победы».	Лучший керри мира рассказал HDA.gg о подготовке к PGL Wallachia и мечте о втором TI.	\N	Interview	t	14	2026-03-12 03:00:00+03	2026-03-12 03:00:00+03	2026-03-12 17:00:00+03
53	Топ-5 героев патча 7.38 по данным про-сцены	top5-heroes-patch-738-pro	На основе анализа более 1000 профессиональных матчей на патче 7.38 мы составили рейтинг самых сильных героев. 1. Timbersaw (ATF) — 68% пикрейт, 62% винрейт. 2. Sand King — 71% пикрейт, 58% винрейт. 3. Faceless Void — 55% пикрейт, 61% винрейт. 4. Lina — 49% пикрейт, 57% винрейт. 5. Primal Beast — 44% пикрейт, 59% винрейт.	Статистика 1000+ про-матчей выявила пятёрку сильнейших героев текущего патча.	\N	Analysis	t	14	2026-03-05 03:00:00+03	2026-03-05 03:00:00+03	2026-03-05 15:00:00+03
50	Обзор ростеров: кто выиграет TI 2026?	ti2026-roster-preview	С приближением TI 2026 в Шанхае мы решили проанализировать текущие ростеры всех топ-команд. Team Falcons выглядят как главные фавориты — ATF и Malr1ne продолжают доминировать в своих позициях, а состав выглядит цельнее некуда. Tundra Esports идут следом: 33 — лучший капитан мира прямо сейчас, а их механика давно стала легендой. Неожиданный претендент — Team Liquid после побды на BLAST Slam VI: Ace показывает лучшую игру в карьере.	Аналитики HDA.gg разбирают каждую команду и их шансы на победу на TI 2026 в Шанхае.	\N	Analysis	t	14	2026-03-15 03:00:00+03	2026-03-22 22:55:32.523338+03	2026-03-15 13:00:00+03
54	Патч 7.40с	патч-7.40с	Вышел крутой патч 7.40с	\N	\N	Patch	t	14	2026-03-22 23:00:00.406447+03	2026-03-22 23:00:41.463968+03	2026-03-22 23:00:41.463969+03
\.


--
-- Data for Name: PlayerHeroStats; Type: TABLE DATA; Schema: public; Owner: hda_user
--

COPY public."PlayerHeroStats" ("Id", "ProPlayerId", "HeroId", "GamesPlayed", "Wins", "AvgKda", "AvgGpm") FROM stdin;
\.


--
-- Data for Name: ProPlayers; Type: TABLE DATA; Schema: public; Owner: hda_user
--

COPY public."ProPlayers" ("Id", "UserId", "Nickname", "RealName", "Country", "DateOfBirth", "Role", "AvatarUrl", "Bio", "SteamId", "TeamId", "Status", "CreatedAt", "UpdatedAt", "TotalMatches", "Wins", "AvgKills", "AvgDeaths", "AvgAssists", "AvgGpm", "AvgXpm") FROM stdin;
15	15	Malr1ne	Stanislav Potorak	RU	\N	Midlaner	\N	Best midlaner of 2025. Renowned for Timbersaw, Sand King, and Primal Beast. Known for dominant laning and excellent teamfight positioning.	\N	31	Approved	2026-03-22 22:01:24.921798+03	2026-03-22 22:01:24.921798+03	346	222	7.2	2.8	7.4	580	620
16	16	33	Neta Shapira	IL	\N	Offlaner	\N	TI2022 champion. Captain of Tundra Esports. Named best offlaner multiple years running for exceptional micro skills and unconventional drafts.	\N	32	Approved	2026-03-22 22:01:24.921798+03	2026-03-22 22:01:24.921798+03	578	340	4.8	3.5	8.9	490	530
17	17	Yatoro	Ilya Mulyarchuk	UA	\N	Carry	\N	World-class carry since TI2021. Known for impeccable map awareness and highly efficient farming. Led Spirit to EWC 2025 title.	\N	33	Approved	2026-03-22 22:01:24.921798+03	2026-03-22 22:01:24.921798+03	412	265	8.4	2.6	6.2	650	680
14	14	ATF	Ammar Assaf	JO	\N	Offlaner	\N	TI2025 champion and best offlaner of 2025. Known for Mars and Timbersaw. Captain of Team Falcons. 23-year-old Jordanian player.	\N	31	Approved	2026-03-22 22:01:24.921798+03	2026-03-22 23:13:56.229175+03	346	222	6.8	3.2	9.1	520	570
18	18	Taki	Руслан Коршиков	Россия	\N	HardSupport	\N	Крутой про-игрок	76561198435490191	\N	Approved	2026-03-22 22:39:02.894121+03	2026-03-26 23:59:46.787677+03	0	0	0	0	0	0	0
\.


--
-- Data for Name: TeamHeroStats; Type: TABLE DATA; Schema: public; Owner: hda_user
--

COPY public."TeamHeroStats" ("Id", "TeamId", "HeroId", "Picks", "Bans", "Wins") FROM stdin;
\.


--
-- Data for Name: Teams; Type: TABLE DATA; Schema: public; Owner: hda_user
--

COPY public."Teams" ("Id", "Name", "Tag", "LogoUrl", "Region", "Country", "Organization", "Founded", "RatingPoints", "WorldRank", "CreatedAt", "UpdatedAt") FROM stdin;
31	Team Falcons	FLCN	/images/teams/falcons.png	MENA	Saudi Arabia	Falcons Esports	2023-11-17 03:00:00+03	4850	1	2026-03-22 22:01:24.921798+03	2026-03-22 22:01:24.921798+03
32	Tundra Esports	Tundra	/images/teams/tundra.png	Europe	United Kingdom	Tundra Esports	2020-01-01 03:00:00+03	4600	2	2026-03-22 22:01:24.921798+03	2026-03-22 22:01:24.921798+03
33	Team Spirit	Spirit	/images/teams/spirit.png	CIS	Russia	Team Spirit	2015-01-01 03:00:00+03	4400	3	2026-03-22 22:01:24.921798+03	2026-03-22 22:01:24.921798+03
34	Team Liquid	TL	/images/teams/liquid.png	Europe	Netherlands	Team Liquid	2000-01-01 03:00:00+03	4200	4	2026-03-22 22:01:24.921798+03	2026-03-22 22:01:24.921798+03
35	OG	OG	/images/teams/og.png	Europe	International	OG Esports	2015-08-12 03:00:00+03	4000	5	2026-03-22 22:01:24.921798+03	2026-03-22 22:01:24.921798+03
36	Xtreme Gaming	XG	/images/teams/xg.png	China	China	Xtreme Gaming	2022-01-01 03:00:00+03	3900	6	2026-03-22 22:01:24.921798+03	2026-03-22 22:01:24.921798+03
37	Natus Vincere	NAVI	/images/teams/navi.png	CIS	Ukraine	Natus Vincere	2009-12-14 03:00:00+03	3600	7	2026-03-22 22:01:24.921798+03	2026-03-22 22:01:24.921798+03
38	BetBoom Team	BB	/images/teams/betboom.png	CIS	Russia	BetBoom	2021-01-01 03:00:00+03	3400	8	2026-03-22 22:01:24.921798+03	2026-03-22 22:01:24.921798+03
39	Heroic	Heroic	/images/teams/heroic.png	Europe	Denmark	Heroic Esports	2019-01-01 03:00:00+03	3300	9	2026-03-22 22:01:24.921798+03	2026-03-22 22:01:24.921798+03
40	Team Secret	Secret	/images/teams/secret.png	Europe	International	Team Secret	2014-09-01 04:00:00+04	3100	10	2026-03-22 22:01:24.921798+03	2026-03-22 22:01:24.921798+03
\.


--
-- Data for Name: TournamentParticipants; Type: TABLE DATA; Schema: public; Owner: hda_user
--

COPY public."TournamentParticipants" ("Id", "TournamentId", "TeamId", "FinalPlacement", "PrizeWon") FROM stdin;
37	19	31	1	1224761.00
38	19	36	2	374333.00
39	19	33	3	259361.00
40	19	38	4	172907.00
41	19	39	5	115272.00
42	19	32	7	86454.00
43	19	34	9	57636.00
44	19	37	13	28818.00
45	20	32	1	400000.00
46	20	31	3	100000.00
47	22	34	1	400000.00
48	22	32	2	200000.00
\.


--
-- Data for Name: TournamentStages; Type: TABLE DATA; Schema: public; Owner: hda_user
--

COPY public."TournamentStages" ("Id", "TournamentId", "Name", "Type", "Order", "StartDate", "EndDate") FROM stdin;
16	19	Grand Final	GrandFinals	3	2025-09-14 03:00:00+03	2025-09-14 03:00:00+03
17	19	Playoffs	Playoffs	2	2025-09-11 03:00:00+03	2025-09-13 03:00:00+03
18	19	Group Stage	GroupStage	1	2025-09-04 03:00:00+03	2025-09-07 03:00:00+03
19	20	Grand Final	GrandFinals	2	2025-12-07 03:00:00+03	2025-12-07 03:00:00+03
20	23	Group Stage	GroupStage	1	2026-03-10 03:00:00+03	2026-03-17 03:00:00+03
\.


--
-- Data for Name: Tournaments; Type: TABLE DATA; Schema: public; Owner: hda_user
--

COPY public."Tournaments" ("Id", "Name", "LogoUrl", "Organizer", "Region", "PrizePool", "PrizePoolCurrency", "StartDate", "EndDate", "Tier", "Status", "Location", "Description", "LiquipediaUrl", "CreatedAt", "UpdatedAt") FROM stdin;
19	The International 2025	/images/tournaments/ti2024.png	Valve	Global	2881791.00	USD	2025-09-04 03:00:00+03	2025-09-14 03:00:00+03	S	Completed	Hamburg, Germany	TI14 — 14-е издание The International, финал в Hamburg, Германия. Team Falcons победили Xtreme Gaming 3-2 в гранд-финале, завоевав Aegis of Champions.	\N	2026-03-22 22:01:24.921798+03	2026-03-22 22:01:24.921798+03
20	BLAST Slam V	\N	BLAST	Global	1000000.00	USD	2025-11-27 03:00:00+03	2025-12-07 03:00:00+03	A	Completed	Online	Tundra Esports выиграли BLAST Slam V, победив в финале со счётом 3-1. Это их 4-й подряд титул BLAST Slam.	\N	2026-03-22 22:01:24.921798+03	2026-03-22 22:01:24.921798+03
21	DreamLeague Season 27	\N	ESL/DreamHack	Global	1000000.00	USD	2025-12-09 03:00:00+03	2025-12-21 03:00:00+03	A	Completed	Online	Tundra Esports выиграли DreamLeague Season 27, закрепив за собой позицию №1 в мировом рейтинге.	\N	2026-03-22 22:01:24.921798+03	2026-03-22 22:01:24.921798+03
22	BLAST Slam VI	\N	BLAST	Global	1000000.00	USD	2026-02-19 03:00:00+03	2026-03-02 03:00:00+03	A	Completed	Online	Team Liquid победила на BLAST Slam VI, нарушив доминирование Tundra в серии BLAST Slam.	\N	2026-03-22 22:01:24.921798+03	2026-03-22 22:01:24.921798+03
23	PGL Wallachia Season 7	\N	PGL	Global	1000000.00	USD	2026-03-10 03:00:00+03	2026-03-23 03:00:00+03	A	Ongoing	Online	Текущий турнир сезона. Проходит онлайн с участием топ-16 команд мира.	\N	2026-03-22 22:01:24.921798+03	2026-03-22 22:01:24.921798+03
24	ESL One Birmingham 2026	\N	ESL	Europe	500000.00	USD	2026-05-20 03:00:00+03	2026-05-25 03:00:00+03	A	Upcoming	Birmingham, UK	ESL возвращается в Бирмингем. Live LAN турнир с топ-командами мира.	\N	2026-03-22 22:01:24.921798+03	2026-03-22 22:01:24.921798+03
\.


--
-- Data for Name: Users; Type: TABLE DATA; Schema: public; Owner: hda_user
--

COPY public."Users" ("Id", "Username", "Email", "PasswordHash", "AvatarUrl", "Role", "CreatedAt", "LastLoginAt", "IsActive") FROM stdin;
18	Taki	RUSTER.KoRsHiK@yandex.ru	$2a$11$lW32O7QXKQMpYNjFbZGNw.gW41q/UgoOEoCx/gJFndrR3LHQ7YeZi	https://i.pinimg.com/originals/ee/4d/5b/ee4d5b9c1441cbda1d9207225fab0ca8.jpg?nii=t	ProPlayer	2026-03-22 22:37:58.687764+03	2026-03-26 23:59:27.10498+03	t
15	fanboy	fan@hda.gg	$2a$11$wYPmaxpfY0ykGFp4tSJfxuiK72dDiCoBz8HmZqM609NVi1CL583fy	\N	Regular	2026-03-22 22:01:24.921798+03	\N	t
16	dotafan	dota@hda.gg	$2a$11$YtVYQI4vNXcz4tkgP9m56OWJuIW1ZcM8qNOQ63iH0NecpznU71HAC	\N	Regular	2026-03-22 22:01:24.921798+03	\N	t
17	analyst	analyst@hda.gg	$2a$11$pdUW.RJT2rCtHlNSkTk0Sex6cqtpFg3bESQH8ylfopPky.4USV17K	\N	Regular	2026-03-22 22:01:24.921798+03	\N	t
14	admin	admin12@example.com	$2a$11$NQbyvMp/DC0koBKe31xQ/uu2c6UagXbXXC.HauF0L.X34Sfv0HOAa	\N	Admin	2026-03-22 22:01:24.921798+03	2026-04-05 16:18:14.324807+03	t
\.


--
-- Name: ActivityLogs_Id_seq; Type: SEQUENCE SET; Schema: public; Owner: hda_user
--

SELECT pg_catalog.setval('public."ActivityLogs_Id_seq"', 50, true);


--
-- Name: GameMapDrafts_Id_seq; Type: SEQUENCE SET; Schema: public; Owner: hda_user
--

SELECT pg_catalog.setval('public."GameMapDrafts_Id_seq"', 1, false);


--
-- Name: GameMaps_Id_seq; Type: SEQUENCE SET; Schema: public; Owner: hda_user
--

SELECT pg_catalog.setval('public."GameMaps_Id_seq"', 1, false);


--
-- Name: Heroes_Id_seq; Type: SEQUENCE SET; Schema: public; Owner: hda_user
--

SELECT pg_catalog.setval('public."Heroes_Id_seq"', 1150, true);


--
-- Name: MatchPlayerStats_Id_seq; Type: SEQUENCE SET; Schema: public; Owner: hda_user
--

SELECT pg_catalog.setval('public."MatchPlayerStats_Id_seq"', 1, false);


--
-- Name: Matches_Id_seq; Type: SEQUENCE SET; Schema: public; Owner: hda_user
--

SELECT pg_catalog.setval('public."Matches_Id_seq"', 37, true);


--
-- Name: NewsArticles_Id_seq; Type: SEQUENCE SET; Schema: public; Owner: hda_user
--

SELECT pg_catalog.setval('public."NewsArticles_Id_seq"', 54, true);


--
-- Name: PlayerHeroStats_Id_seq; Type: SEQUENCE SET; Schema: public; Owner: hda_user
--

SELECT pg_catalog.setval('public."PlayerHeroStats_Id_seq"', 1, false);


--
-- Name: ProPlayers_Id_seq; Type: SEQUENCE SET; Schema: public; Owner: hda_user
--

SELECT pg_catalog.setval('public."ProPlayers_Id_seq"', 18, true);


--
-- Name: TeamHeroStats_Id_seq; Type: SEQUENCE SET; Schema: public; Owner: hda_user
--

SELECT pg_catalog.setval('public."TeamHeroStats_Id_seq"', 1, false);


--
-- Name: Teams_Id_seq; Type: SEQUENCE SET; Schema: public; Owner: hda_user
--

SELECT pg_catalog.setval('public."Teams_Id_seq"', 40, true);


--
-- Name: TournamentParticipants_Id_seq; Type: SEQUENCE SET; Schema: public; Owner: hda_user
--

SELECT pg_catalog.setval('public."TournamentParticipants_Id_seq"', 48, true);


--
-- Name: TournamentStages_Id_seq; Type: SEQUENCE SET; Schema: public; Owner: hda_user
--

SELECT pg_catalog.setval('public."TournamentStages_Id_seq"', 20, true);


--
-- Name: Tournaments_Id_seq; Type: SEQUENCE SET; Schema: public; Owner: hda_user
--

SELECT pg_catalog.setval('public."Tournaments_Id_seq"', 24, true);


--
-- Name: Users_Id_seq; Type: SEQUENCE SET; Schema: public; Owner: hda_user
--

SELECT pg_catalog.setval('public."Users_Id_seq"', 18, true);


--
-- Name: ActivityLogs PK_ActivityLogs; Type: CONSTRAINT; Schema: public; Owner: hda_user
--

ALTER TABLE ONLY public."ActivityLogs"
    ADD CONSTRAINT "PK_ActivityLogs" PRIMARY KEY ("Id");


--
-- Name: GameMapDrafts PK_GameMapDrafts; Type: CONSTRAINT; Schema: public; Owner: hda_user
--

ALTER TABLE ONLY public."GameMapDrafts"
    ADD CONSTRAINT "PK_GameMapDrafts" PRIMARY KEY ("Id");


--
-- Name: GameMaps PK_GameMaps; Type: CONSTRAINT; Schema: public; Owner: hda_user
--

ALTER TABLE ONLY public."GameMaps"
    ADD CONSTRAINT "PK_GameMaps" PRIMARY KEY ("Id");


--
-- Name: Heroes PK_Heroes; Type: CONSTRAINT; Schema: public; Owner: hda_user
--

ALTER TABLE ONLY public."Heroes"
    ADD CONSTRAINT "PK_Heroes" PRIMARY KEY ("Id");


--
-- Name: MatchPlayerStats PK_MatchPlayerStats; Type: CONSTRAINT; Schema: public; Owner: hda_user
--

ALTER TABLE ONLY public."MatchPlayerStats"
    ADD CONSTRAINT "PK_MatchPlayerStats" PRIMARY KEY ("Id");


--
-- Name: Matches PK_Matches; Type: CONSTRAINT; Schema: public; Owner: hda_user
--

ALTER TABLE ONLY public."Matches"
    ADD CONSTRAINT "PK_Matches" PRIMARY KEY ("Id");


--
-- Name: NewsArticles PK_NewsArticles; Type: CONSTRAINT; Schema: public; Owner: hda_user
--

ALTER TABLE ONLY public."NewsArticles"
    ADD CONSTRAINT "PK_NewsArticles" PRIMARY KEY ("Id");


--
-- Name: PlayerHeroStats PK_PlayerHeroStats; Type: CONSTRAINT; Schema: public; Owner: hda_user
--

ALTER TABLE ONLY public."PlayerHeroStats"
    ADD CONSTRAINT "PK_PlayerHeroStats" PRIMARY KEY ("Id");


--
-- Name: ProPlayers PK_ProPlayers; Type: CONSTRAINT; Schema: public; Owner: hda_user
--

ALTER TABLE ONLY public."ProPlayers"
    ADD CONSTRAINT "PK_ProPlayers" PRIMARY KEY ("Id");


--
-- Name: TeamHeroStats PK_TeamHeroStats; Type: CONSTRAINT; Schema: public; Owner: hda_user
--

ALTER TABLE ONLY public."TeamHeroStats"
    ADD CONSTRAINT "PK_TeamHeroStats" PRIMARY KEY ("Id");


--
-- Name: Teams PK_Teams; Type: CONSTRAINT; Schema: public; Owner: hda_user
--

ALTER TABLE ONLY public."Teams"
    ADD CONSTRAINT "PK_Teams" PRIMARY KEY ("Id");


--
-- Name: TournamentParticipants PK_TournamentParticipants; Type: CONSTRAINT; Schema: public; Owner: hda_user
--

ALTER TABLE ONLY public."TournamentParticipants"
    ADD CONSTRAINT "PK_TournamentParticipants" PRIMARY KEY ("Id");


--
-- Name: TournamentStages PK_TournamentStages; Type: CONSTRAINT; Schema: public; Owner: hda_user
--

ALTER TABLE ONLY public."TournamentStages"
    ADD CONSTRAINT "PK_TournamentStages" PRIMARY KEY ("Id");


--
-- Name: Tournaments PK_Tournaments; Type: CONSTRAINT; Schema: public; Owner: hda_user
--

ALTER TABLE ONLY public."Tournaments"
    ADD CONSTRAINT "PK_Tournaments" PRIMARY KEY ("Id");


--
-- Name: Users PK_Users; Type: CONSTRAINT; Schema: public; Owner: hda_user
--

ALTER TABLE ONLY public."Users"
    ADD CONSTRAINT "PK_Users" PRIMARY KEY ("Id");


--
-- Name: IX_ActivityLogs_UserId; Type: INDEX; Schema: public; Owner: hda_user
--

CREATE INDEX "IX_ActivityLogs_UserId" ON public."ActivityLogs" USING btree ("UserId");


--
-- Name: IX_GameMapDrafts_GameMapId; Type: INDEX; Schema: public; Owner: hda_user
--

CREATE INDEX "IX_GameMapDrafts_GameMapId" ON public."GameMapDrafts" USING btree ("GameMapId");


--
-- Name: IX_GameMapDrafts_HeroId; Type: INDEX; Schema: public; Owner: hda_user
--

CREATE INDEX "IX_GameMapDrafts_HeroId" ON public."GameMapDrafts" USING btree ("HeroId");


--
-- Name: IX_GameMaps_DireTeamId; Type: INDEX; Schema: public; Owner: hda_user
--

CREATE INDEX "IX_GameMaps_DireTeamId" ON public."GameMaps" USING btree ("DireTeamId");


--
-- Name: IX_GameMaps_MatchId; Type: INDEX; Schema: public; Owner: hda_user
--

CREATE INDEX "IX_GameMaps_MatchId" ON public."GameMaps" USING btree ("MatchId");


--
-- Name: IX_GameMaps_RadiantTeamId; Type: INDEX; Schema: public; Owner: hda_user
--

CREATE INDEX "IX_GameMaps_RadiantTeamId" ON public."GameMaps" USING btree ("RadiantTeamId");


--
-- Name: IX_MatchPlayerStats_GameMapId; Type: INDEX; Schema: public; Owner: hda_user
--

CREATE INDEX "IX_MatchPlayerStats_GameMapId" ON public."MatchPlayerStats" USING btree ("GameMapId");


--
-- Name: IX_MatchPlayerStats_HeroId; Type: INDEX; Schema: public; Owner: hda_user
--

CREATE INDEX "IX_MatchPlayerStats_HeroId" ON public."MatchPlayerStats" USING btree ("HeroId");


--
-- Name: IX_MatchPlayerStats_ProPlayerId; Type: INDEX; Schema: public; Owner: hda_user
--

CREATE INDEX "IX_MatchPlayerStats_ProPlayerId" ON public."MatchPlayerStats" USING btree ("ProPlayerId");


--
-- Name: IX_Matches_StageId; Type: INDEX; Schema: public; Owner: hda_user
--

CREATE INDEX "IX_Matches_StageId" ON public."Matches" USING btree ("StageId");


--
-- Name: IX_Matches_TeamAId; Type: INDEX; Schema: public; Owner: hda_user
--

CREATE INDEX "IX_Matches_TeamAId" ON public."Matches" USING btree ("TeamAId");


--
-- Name: IX_Matches_TeamBId; Type: INDEX; Schema: public; Owner: hda_user
--

CREATE INDEX "IX_Matches_TeamBId" ON public."Matches" USING btree ("TeamBId");


--
-- Name: IX_Matches_TournamentId; Type: INDEX; Schema: public; Owner: hda_user
--

CREATE INDEX "IX_Matches_TournamentId" ON public."Matches" USING btree ("TournamentId");


--
-- Name: IX_Matches_WinnerId; Type: INDEX; Schema: public; Owner: hda_user
--

CREATE INDEX "IX_Matches_WinnerId" ON public."Matches" USING btree ("WinnerId");


--
-- Name: IX_NewsArticles_AuthorId; Type: INDEX; Schema: public; Owner: hda_user
--

CREATE INDEX "IX_NewsArticles_AuthorId" ON public."NewsArticles" USING btree ("AuthorId");


--
-- Name: IX_NewsArticles_Slug; Type: INDEX; Schema: public; Owner: hda_user
--

CREATE UNIQUE INDEX "IX_NewsArticles_Slug" ON public."NewsArticles" USING btree ("Slug");


--
-- Name: IX_PlayerHeroStats_HeroId; Type: INDEX; Schema: public; Owner: hda_user
--

CREATE INDEX "IX_PlayerHeroStats_HeroId" ON public."PlayerHeroStats" USING btree ("HeroId");


--
-- Name: IX_PlayerHeroStats_ProPlayerId_HeroId; Type: INDEX; Schema: public; Owner: hda_user
--

CREATE UNIQUE INDEX "IX_PlayerHeroStats_ProPlayerId_HeroId" ON public."PlayerHeroStats" USING btree ("ProPlayerId", "HeroId");


--
-- Name: IX_ProPlayers_TeamId; Type: INDEX; Schema: public; Owner: hda_user
--

CREATE INDEX "IX_ProPlayers_TeamId" ON public."ProPlayers" USING btree ("TeamId");


--
-- Name: IX_ProPlayers_UserId; Type: INDEX; Schema: public; Owner: hda_user
--

CREATE UNIQUE INDEX "IX_ProPlayers_UserId" ON public."ProPlayers" USING btree ("UserId");


--
-- Name: IX_TeamHeroStats_HeroId; Type: INDEX; Schema: public; Owner: hda_user
--

CREATE INDEX "IX_TeamHeroStats_HeroId" ON public."TeamHeroStats" USING btree ("HeroId");


--
-- Name: IX_TeamHeroStats_TeamId_HeroId; Type: INDEX; Schema: public; Owner: hda_user
--

CREATE UNIQUE INDEX "IX_TeamHeroStats_TeamId_HeroId" ON public."TeamHeroStats" USING btree ("TeamId", "HeroId");


--
-- Name: IX_Teams_Name; Type: INDEX; Schema: public; Owner: hda_user
--

CREATE UNIQUE INDEX "IX_Teams_Name" ON public."Teams" USING btree ("Name");


--
-- Name: IX_TournamentParticipants_TeamId; Type: INDEX; Schema: public; Owner: hda_user
--

CREATE INDEX "IX_TournamentParticipants_TeamId" ON public."TournamentParticipants" USING btree ("TeamId");


--
-- Name: IX_TournamentParticipants_TournamentId_TeamId; Type: INDEX; Schema: public; Owner: hda_user
--

CREATE UNIQUE INDEX "IX_TournamentParticipants_TournamentId_TeamId" ON public."TournamentParticipants" USING btree ("TournamentId", "TeamId");


--
-- Name: IX_TournamentStages_TournamentId; Type: INDEX; Schema: public; Owner: hda_user
--

CREATE INDEX "IX_TournamentStages_TournamentId" ON public."TournamentStages" USING btree ("TournamentId");


--
-- Name: IX_Users_Email; Type: INDEX; Schema: public; Owner: hda_user
--

CREATE UNIQUE INDEX "IX_Users_Email" ON public."Users" USING btree ("Email");


--
-- Name: IX_Users_Username; Type: INDEX; Schema: public; Owner: hda_user
--

CREATE UNIQUE INDEX "IX_Users_Username" ON public."Users" USING btree ("Username");


--
-- Name: ActivityLogs FK_ActivityLogs_Users_UserId; Type: FK CONSTRAINT; Schema: public; Owner: hda_user
--

ALTER TABLE ONLY public."ActivityLogs"
    ADD CONSTRAINT "FK_ActivityLogs_Users_UserId" FOREIGN KEY ("UserId") REFERENCES public."Users"("Id") ON DELETE SET NULL;


--
-- Name: GameMapDrafts FK_GameMapDrafts_GameMaps_GameMapId; Type: FK CONSTRAINT; Schema: public; Owner: hda_user
--

ALTER TABLE ONLY public."GameMapDrafts"
    ADD CONSTRAINT "FK_GameMapDrafts_GameMaps_GameMapId" FOREIGN KEY ("GameMapId") REFERENCES public."GameMaps"("Id") ON DELETE CASCADE;


--
-- Name: GameMapDrafts FK_GameMapDrafts_Heroes_HeroId; Type: FK CONSTRAINT; Schema: public; Owner: hda_user
--

ALTER TABLE ONLY public."GameMapDrafts"
    ADD CONSTRAINT "FK_GameMapDrafts_Heroes_HeroId" FOREIGN KEY ("HeroId") REFERENCES public."Heroes"("Id") ON DELETE RESTRICT;


--
-- Name: GameMaps FK_GameMaps_Matches_MatchId; Type: FK CONSTRAINT; Schema: public; Owner: hda_user
--

ALTER TABLE ONLY public."GameMaps"
    ADD CONSTRAINT "FK_GameMaps_Matches_MatchId" FOREIGN KEY ("MatchId") REFERENCES public."Matches"("Id") ON DELETE CASCADE;


--
-- Name: GameMaps FK_GameMaps_Teams_DireTeamId; Type: FK CONSTRAINT; Schema: public; Owner: hda_user
--

ALTER TABLE ONLY public."GameMaps"
    ADD CONSTRAINT "FK_GameMaps_Teams_DireTeamId" FOREIGN KEY ("DireTeamId") REFERENCES public."Teams"("Id") ON DELETE SET NULL;


--
-- Name: GameMaps FK_GameMaps_Teams_RadiantTeamId; Type: FK CONSTRAINT; Schema: public; Owner: hda_user
--

ALTER TABLE ONLY public."GameMaps"
    ADD CONSTRAINT "FK_GameMaps_Teams_RadiantTeamId" FOREIGN KEY ("RadiantTeamId") REFERENCES public."Teams"("Id") ON DELETE SET NULL;


--
-- Name: MatchPlayerStats FK_MatchPlayerStats_GameMaps_GameMapId; Type: FK CONSTRAINT; Schema: public; Owner: hda_user
--

ALTER TABLE ONLY public."MatchPlayerStats"
    ADD CONSTRAINT "FK_MatchPlayerStats_GameMaps_GameMapId" FOREIGN KEY ("GameMapId") REFERENCES public."GameMaps"("Id") ON DELETE CASCADE;


--
-- Name: MatchPlayerStats FK_MatchPlayerStats_Heroes_HeroId; Type: FK CONSTRAINT; Schema: public; Owner: hda_user
--

ALTER TABLE ONLY public."MatchPlayerStats"
    ADD CONSTRAINT "FK_MatchPlayerStats_Heroes_HeroId" FOREIGN KEY ("HeroId") REFERENCES public."Heroes"("Id") ON DELETE RESTRICT;


--
-- Name: MatchPlayerStats FK_MatchPlayerStats_ProPlayers_ProPlayerId; Type: FK CONSTRAINT; Schema: public; Owner: hda_user
--

ALTER TABLE ONLY public."MatchPlayerStats"
    ADD CONSTRAINT "FK_MatchPlayerStats_ProPlayers_ProPlayerId" FOREIGN KEY ("ProPlayerId") REFERENCES public."ProPlayers"("Id") ON DELETE RESTRICT;


--
-- Name: Matches FK_Matches_Teams_TeamAId; Type: FK CONSTRAINT; Schema: public; Owner: hda_user
--

ALTER TABLE ONLY public."Matches"
    ADD CONSTRAINT "FK_Matches_Teams_TeamAId" FOREIGN KEY ("TeamAId") REFERENCES public."Teams"("Id") ON DELETE RESTRICT;


--
-- Name: Matches FK_Matches_Teams_TeamBId; Type: FK CONSTRAINT; Schema: public; Owner: hda_user
--

ALTER TABLE ONLY public."Matches"
    ADD CONSTRAINT "FK_Matches_Teams_TeamBId" FOREIGN KEY ("TeamBId") REFERENCES public."Teams"("Id") ON DELETE RESTRICT;


--
-- Name: Matches FK_Matches_Teams_WinnerId; Type: FK CONSTRAINT; Schema: public; Owner: hda_user
--

ALTER TABLE ONLY public."Matches"
    ADD CONSTRAINT "FK_Matches_Teams_WinnerId" FOREIGN KEY ("WinnerId") REFERENCES public."Teams"("Id") ON DELETE SET NULL;


--
-- Name: Matches FK_Matches_TournamentStages_StageId; Type: FK CONSTRAINT; Schema: public; Owner: hda_user
--

ALTER TABLE ONLY public."Matches"
    ADD CONSTRAINT "FK_Matches_TournamentStages_StageId" FOREIGN KEY ("StageId") REFERENCES public."TournamentStages"("Id") ON DELETE SET NULL;


--
-- Name: Matches FK_Matches_Tournaments_TournamentId; Type: FK CONSTRAINT; Schema: public; Owner: hda_user
--

ALTER TABLE ONLY public."Matches"
    ADD CONSTRAINT "FK_Matches_Tournaments_TournamentId" FOREIGN KEY ("TournamentId") REFERENCES public."Tournaments"("Id") ON DELETE CASCADE;


--
-- Name: NewsArticles FK_NewsArticles_Users_AuthorId; Type: FK CONSTRAINT; Schema: public; Owner: hda_user
--

ALTER TABLE ONLY public."NewsArticles"
    ADD CONSTRAINT "FK_NewsArticles_Users_AuthorId" FOREIGN KEY ("AuthorId") REFERENCES public."Users"("Id") ON DELETE RESTRICT;


--
-- Name: PlayerHeroStats FK_PlayerHeroStats_Heroes_HeroId; Type: FK CONSTRAINT; Schema: public; Owner: hda_user
--

ALTER TABLE ONLY public."PlayerHeroStats"
    ADD CONSTRAINT "FK_PlayerHeroStats_Heroes_HeroId" FOREIGN KEY ("HeroId") REFERENCES public."Heroes"("Id") ON DELETE CASCADE;


--
-- Name: PlayerHeroStats FK_PlayerHeroStats_ProPlayers_ProPlayerId; Type: FK CONSTRAINT; Schema: public; Owner: hda_user
--

ALTER TABLE ONLY public."PlayerHeroStats"
    ADD CONSTRAINT "FK_PlayerHeroStats_ProPlayers_ProPlayerId" FOREIGN KEY ("ProPlayerId") REFERENCES public."ProPlayers"("Id") ON DELETE CASCADE;


--
-- Name: ProPlayers FK_ProPlayers_Teams_TeamId; Type: FK CONSTRAINT; Schema: public; Owner: hda_user
--

ALTER TABLE ONLY public."ProPlayers"
    ADD CONSTRAINT "FK_ProPlayers_Teams_TeamId" FOREIGN KEY ("TeamId") REFERENCES public."Teams"("Id") ON DELETE SET NULL;


--
-- Name: ProPlayers FK_ProPlayers_Users_UserId; Type: FK CONSTRAINT; Schema: public; Owner: hda_user
--

ALTER TABLE ONLY public."ProPlayers"
    ADD CONSTRAINT "FK_ProPlayers_Users_UserId" FOREIGN KEY ("UserId") REFERENCES public."Users"("Id") ON DELETE CASCADE;


--
-- Name: TeamHeroStats FK_TeamHeroStats_Heroes_HeroId; Type: FK CONSTRAINT; Schema: public; Owner: hda_user
--

ALTER TABLE ONLY public."TeamHeroStats"
    ADD CONSTRAINT "FK_TeamHeroStats_Heroes_HeroId" FOREIGN KEY ("HeroId") REFERENCES public."Heroes"("Id") ON DELETE CASCADE;


--
-- Name: TeamHeroStats FK_TeamHeroStats_Teams_TeamId; Type: FK CONSTRAINT; Schema: public; Owner: hda_user
--

ALTER TABLE ONLY public."TeamHeroStats"
    ADD CONSTRAINT "FK_TeamHeroStats_Teams_TeamId" FOREIGN KEY ("TeamId") REFERENCES public."Teams"("Id") ON DELETE CASCADE;


--
-- Name: TournamentParticipants FK_TournamentParticipants_Teams_TeamId; Type: FK CONSTRAINT; Schema: public; Owner: hda_user
--

ALTER TABLE ONLY public."TournamentParticipants"
    ADD CONSTRAINT "FK_TournamentParticipants_Teams_TeamId" FOREIGN KEY ("TeamId") REFERENCES public."Teams"("Id") ON DELETE CASCADE;


--
-- Name: TournamentParticipants FK_TournamentParticipants_Tournaments_TournamentId; Type: FK CONSTRAINT; Schema: public; Owner: hda_user
--

ALTER TABLE ONLY public."TournamentParticipants"
    ADD CONSTRAINT "FK_TournamentParticipants_Tournaments_TournamentId" FOREIGN KEY ("TournamentId") REFERENCES public."Tournaments"("Id") ON DELETE CASCADE;


--
-- Name: TournamentStages FK_TournamentStages_Tournaments_TournamentId; Type: FK CONSTRAINT; Schema: public; Owner: hda_user
--

ALTER TABLE ONLY public."TournamentStages"
    ADD CONSTRAINT "FK_TournamentStages_Tournaments_TournamentId" FOREIGN KEY ("TournamentId") REFERENCES public."Tournaments"("Id") ON DELETE CASCADE;


--
-- Name: SCHEMA public; Type: ACL; Schema: -; Owner: pg_database_owner
--

GRANT ALL ON SCHEMA public TO hda_user;


--
-- Name: DEFAULT PRIVILEGES FOR SEQUENCES; Type: DEFAULT ACL; Schema: public; Owner: postgres
--

ALTER DEFAULT PRIVILEGES FOR ROLE postgres IN SCHEMA public GRANT ALL ON SEQUENCES TO hda_user;


--
-- Name: DEFAULT PRIVILEGES FOR TABLES; Type: DEFAULT ACL; Schema: public; Owner: postgres
--

ALTER DEFAULT PRIVILEGES FOR ROLE postgres IN SCHEMA public GRANT ALL ON TABLES TO hda_user;


--
-- PostgreSQL database dump complete
--

\unrestrict ecwaUXF1yqtUpA6CvMLTnGxrUJQ1M6JaUpbGb1co9XXVXiSxlnP2QrdY3biP0yd

